Date,DTB3
14/01/2010,0.05
15/01/2010,0.06
19/01/2010,0.06
20/01/2010,0.05
21/01/2010,0.06
22/01/2010,0.06
25/01/2010,0.06
26/01/2010,0.07
27/01/2010,0.08
28/01/2010,0.08
29/01/2010,0.08
01/02/2010,0.1
02/02/2010,0.1
03/02/2010,0.1
04/02/2010,0.09
05/02/2010,0.1
08/02/2010,0.12
09/02/2010,0.12
10/02/2010,0.11
11/02/2010,0.11
12/02/2010,0.1
16/02/2010,0.1
17/02/2010,0.1
18/02/2010,0.1
19/02/2010,0.11
22/02/2010,0.11
23/02/2010,0.12
24/02/2010,0.12
25/02/2010,0.13
26/02/2010,0.13
01/03/2010,0.13
02/03/2010,0.14
03/03/2010,0.14
04/03/2010,0.14
05/03/2010,0.15
08/03/2010,0.16
09/03/2010,0.16
10/03/2010,0.15
11/03/2010,0.16
12/03/2010,0.15
15/03/2010,0.17
16/03/2010,0.16
17/03/2010,0.15
18/03/2010,0.16
19/03/2010,0.16
22/03/2010,0.15
23/03/2010,0.14
24/03/2010,0.14
25/03/2010,0.14
26/03/2010,0.14
29/03/2010,0.15
30/03/2010,0.16
31/03/2010,0.16
01/04/2010,0.16
05/04/2010,0.18
06/04/2010,0.17
07/04/2010,0.17
08/04/2010,0.17
09/04/2010,0.16
12/04/2010,0.16
13/04/2010,0.16
14/04/2010,0.16
15/04/2010,0.16
16/04/2010,0.16
19/04/2010,0.16
20/04/2010,0.16
21/04/2010,0.15
22/04/2010,0.16
23/04/2010,0.16
26/04/2010,0.16
27/04/2010,0.16
28/04/2010,0.16
29/04/2010,0.17
30/04/2010,0.16
03/05/2010,0.17
04/05/2010,0.16
05/05/2010,0.15
06/05/2010,0.11
07/05/2010,0.13
10/05/2010,0.16
11/05/2010,0.16
12/05/2010,0.16
13/05/2010,0.16
14/05/2010,0.16
17/05/2010,0.16
18/05/2010,0.17
19/05/2010,0.17
20/05/2010,0.17
21/05/2010,0.17
24/05/2010,0.17
25/05/2010,0.17
26/05/2010,0.17
27/05/2010,0.17
28/05/2010,0.16
01/06/2010,0.16
02/06/2010,0.16
03/06/2010,0.14
04/06/2010,0.14
07/06/2010,0.12
08/06/2010,0.12
09/06/2010,0.1
10/06/2010,0.1
11/06/2010,0.08
14/06/2010,0.07
15/06/2010,0.09
16/06/2010,0.1
17/06/2010,0.09
18/06/2010,0.11
21/06/2010,0.12
22/06/2010,0.13
23/06/2010,0.13
24/06/2010,0.13
25/06/2010,0.13
28/06/2010,0.17
29/06/2010,0.15
30/06/2010,0.18
01/07/2010,0.17
02/07/2010,0.17
06/07/2010,0.17
07/07/2010,0.16
08/07/2010,0.15
09/07/2010,0.16
12/07/2010,0.16
13/07/2010,0.15
14/07/2010,0.15
15/07/2010,0.15
16/07/2010,0.15
19/07/2010,0.17
20/07/2010,0.16
21/07/2010,0.16
22/07/2010,0.16
23/07/2010,0.16
26/07/2010,0.16
27/07/2010,0.15
28/07/2010,0.15
29/07/2010,0.15
30/07/2010,0.15
02/08/2010,0.16
03/08/2010,0.16
04/08/2010,0.16
05/08/2010,0.15
06/08/2010,0.15
09/08/2010,0.15
10/08/2010,0.15
11/08/2010,0.15
12/08/2010,0.16
13/08/2010,0.15
16/08/2010,0.16
17/08/2010,0.17
18/08/2010,0.16
19/08/2010,0.16
20/08/2010,0.15
23/08/2010,0.16
24/08/2010,0.16
25/08/2010,0.16
26/08/2010,0.16
27/08/2010,0.15
30/08/2010,0.14
31/08/2010,0.14
01/09/2010,0.13
02/09/2010,0.14
03/09/2010,0.14
07/09/2010,0.14
08/09/2010,0.14
09/09/2010,0.14
10/09/2010,0.14
13/09/2010,0.15
14/09/2010,0.15
15/09/2010,0.15
16/09/2010,0.16
17/09/2010,0.16
20/09/2010,0.17
21/09/2010,0.17
22/09/2010,0.16
23/09/2010,0.16
24/09/2010,0.15
27/09/2010,0.16
28/09/2010,0.16
29/09/2010,0.16
30/09/2010,0.16
01/10/2010,0.16
04/10/2010,0.13
05/10/2010,0.12
06/10/2010,0.13
07/10/2010,0.13
08/10/2010,0.12
11/10/2010,
12/10/2010,0.13
13/10/2010,0.13
14/10/2010,0.14
15/10/2010,0.14
18/10/2010,0.15
19/10/2010,0.14
20/10/2010,0.14
21/10/2010,0.13
22/10/2010,0.13
25/10/2010,0.14
26/10/2010,0.14
27/10/2010,0.14
28/10/2010,0.13
29/10/2010,0.12
01/11/2010,0.13
02/11/2010,0.13
03/11/2010,0.13
04/11/2010,0.13
05/11/2010,0.13
08/11/2010,0.13
09/11/2010,0.13
10/11/2010,0.13
11/11/2010,
12/11/2010,0.13
15/11/2010,0.14
16/11/2010,0.15
17/11/2010,0.14
18/11/2010,0.15
19/11/2010,0.14
22/11/2010,0.15
23/11/2010,0.15
24/11/2010,0.16
26/11/2010,0.16
29/11/2010,0.18
30/11/2010,0.17
01/12/2010,0.16
02/12/2010,0.16
03/12/2010,0.14
06/12/2010,0.15
07/12/2010,0.14
08/12/2010,0.15
09/12/2010,0.14
10/12/2010,0.13
13/12/2010,0.15
14/12/2010,0.15
15/12/2010,0.14
16/12/2010,0.13
17/12/2010,0.11
20/12/2010,0.14
21/12/2010,0.14
22/12/2010,0.14
23/12/2010,0.14
27/12/2010,0.17
28/12/2010,0.15
29/12/2010,0.13
30/12/2010,0.12
31/12/2010,0.12
03/01/2011,0.15
04/01/2011,0.14
05/01/2011,0.14
06/01/2011,0.15
07/01/2011,0.14
10/01/2011,0.15
11/01/2011,0.15
12/01/2011,0.15
13/01/2011,0.15
14/01/2011,0.15
18/01/2011,0.16
19/01/2011,0.16
20/01/2011,0.16
21/01/2011,0.16
24/01/2011,0.16
25/01/2011,0.16
26/01/2011,0.16
27/01/2011,0.15
28/01/2011,0.15
31/01/2011,0.15
01/02/2011,0.15
02/02/2011,0.16
03/02/2011,0.14
04/02/2011,0.15
07/02/2011,0.16
08/02/2011,0.15
09/02/2011,0.14
10/02/2011,0.12
11/02/2011,0.12
14/02/2011,0.13
15/02/2011,0.13
16/02/2011,0.12
17/02/2011,0.09
18/02/2011,0.1
22/02/2011,0.12
23/02/2011,0.12
24/02/2011,0.13
25/02/2011,0.13
28/02/2011,0.15
01/03/2011,0.14
02/03/2011,0.13
03/03/2011,0.13
04/03/2011,0.12
07/03/2011,0.11
08/03/2011,0.11
09/03/2011,0.1
10/03/2011,0.08
11/03/2011,0.08
14/03/2011,0.09
15/03/2011,0.1
16/03/2011,0.1
17/03/2011,0.08
18/03/2011,0.07
21/03/2011,0.1
22/03/2011,0.1
23/03/2011,0.09
24/03/2011,0.09
25/03/2011,0.09
28/03/2011,0.11
29/03/2011,0.1
30/03/2011,0.1
31/03/2011,0.09
01/04/2011,0.07
04/04/2011,0.06
05/04/2011,0.07
06/04/2011,0.06
07/04/2011,0.04
08/04/2011,0.04
11/04/2011,0.05
12/04/2011,0.05
13/04/2011,0.06
14/04/2011,0.07
15/04/2011,0.07
18/04/2011,0.07
19/04/2011,0.06
20/04/2011,0.06
21/04/2011,0.06
25/04/2011,0.07
26/04/2011,0.07
27/04/2011,0.06
28/04/2011,0.04
29/04/2011,0.04
02/05/2011,0.05
03/05/2011,0.03
04/05/2011,0.03
05/05/2011,0.02
06/05/2011,0.02
09/05/2011,0.03
10/05/2011,0.03
11/05/2011,0.03
12/05/2011,0.02
13/05/2011,0.03
16/05/2011,0.04
17/05/2011,0.04
18/05/2011,0.05
19/05/2011,0.05
20/05/2011,0.05
23/05/2011,0.06
24/05/2011,0.06
25/05/2011,0.06
26/05/2011,0.05
27/05/2011,0.05
31/05/2011,0.06
01/06/2011,0.05
02/06/2011,0.04
03/06/2011,0.04
06/06/2011,0.05
07/06/2011,0.05
08/06/2011,0.04
09/06/2011,0.05
10/06/2011,0.05
13/06/2011,0.05
14/06/2011,0.05
15/06/2011,0.05
16/06/2011,0.05
17/06/2011,0.04
20/06/2011,0.03
21/06/2011,0.03
22/06/2011,0.02
23/06/2011,0.01
24/06/2011,0.02
27/06/2011,0.02
28/06/2011,0.03
29/06/2011,0.02
30/06/2011,0.03
01/07/2011,0.02
05/07/2011,0.02
06/07/2011,0.01
07/07/2011,0.03
08/07/2011,0.03
11/07/2011,0.03
12/07/2011,0.03
13/07/2011,0.01
14/07/2011,0.01
15/07/2011,0.02
18/07/2011,0.02
19/07/2011,0.03
20/07/2011,0.02
21/07/2011,0.05
22/07/2011,0.05
25/07/2011,0.05
26/07/2011,0.07
27/07/2011,0.08
28/07/2011,0.07
29/07/2011,0.1
01/08/2011,0.1
02/08/2011,0.06
03/08/2011,0.02
04/08/2011,0.02
05/08/2011,0.01
08/08/2011,0.05
09/08/2011,0.03
10/08/2011,0.02
11/08/2011,0.03
12/08/2011,0.02
15/08/2011,0.02
16/08/2011,0.03
17/08/2011,0.01
18/08/2011,0.01
19/08/2011,0.02
22/08/2011,0.01
23/08/2011,0.01
24/08/2011,0.02
25/08/2011,0.01
26/08/2011,0.01
29/08/2011,0.02
30/08/2011,0.01
31/08/2011,0.02
01/09/2011,0.02
02/09/2011,0.02
06/09/2011,0.02
07/09/2011,0.02
08/09/2011,0.02
09/09/2011,0.01
12/09/2011,0.01
13/09/2011,0.01
14/09/2011,0.01
15/09/2011,0.01
16/09/2011,0.01
19/09/2011,0.01
20/09/2011,0.01
21/09/2011,0.01
22/09/2011,0
23/09/2011,0.01
26/09/2011,0.02
27/09/2011,0.01
28/09/2011,0.02
29/09/2011,0.02
30/09/2011,0.02
03/10/2011,0.02
04/10/2011,0.01
05/10/2011,0
06/10/2011,0.01
07/10/2011,0.01
10/10/2011,
11/10/2011,0.02
12/10/2011,0.02
13/10/2011,0.02
14/10/2011,0.02
17/10/2011,0.04
18/10/2011,0.04
19/10/2011,0.03
20/10/2011,0.03
21/10/2011,0.02
24/10/2011,0.02
25/10/2011,0.01
26/10/2011,0.02
27/10/2011,0.02
28/10/2011,0.01
31/10/2011,0.01
01/11/2011,0.01
02/11/2011,0.01
03/11/2011,0.01
04/11/2011,0.01
07/11/2011,0.01
08/11/2011,0.01
09/11/2011,0.01
10/11/2011,0.01
11/11/2011,
14/11/2011,0.01
15/11/2011,0.01
16/11/2011,0.01
17/11/2011,0.02
18/11/2011,0.01
21/11/2011,0.02
22/11/2011,0.02
23/11/2011,0.02
25/11/2011,0.02
28/11/2011,0.03
29/11/2011,0.02
30/11/2011,0.01
01/12/2011,0.01
02/12/2011,0.02
05/12/2011,0.01
06/12/2011,0.01
07/12/2011,0.02
08/12/2011,0.01
09/12/2011,0.01
12/12/2011,0.01
13/12/2011,0.01
14/12/2011,0.01
15/12/2011,0
16/12/2011,0
19/12/2011,0.01
20/12/2011,0.01
21/12/2011,0.01
22/12/2011,0.01
23/12/2011,0.01
27/12/2011,0.02
28/12/2011,0.01
29/12/2011,0.02
30/12/2011,0.02
03/01/2012,0.02
04/01/2012,0.02
05/01/2012,0.02
06/01/2012,0.02
09/01/2012,0.01
10/01/2012,0.02
11/01/2012,0.02
12/01/2012,0.03
13/01/2012,0.03
17/01/2012,0.03
18/01/2012,0.03
19/01/2012,0.05
20/01/2012,0.05
23/01/2012,0.04
24/01/2012,0.04
25/01/2012,0.04
26/01/2012,0.05
27/01/2012,0.06
30/01/2012,0.05
31/01/2012,0.06
01/02/2012,0.06
02/02/2012,0.08
03/02/2012,0.08
06/02/2012,0.08
07/02/2012,0.08
08/02/2012,0.09
09/02/2012,0.09
10/02/2012,0.09
13/02/2012,0.11
14/02/2012,0.12
15/02/2012,0.11
16/02/2012,0.1
17/02/2012,0.09
21/02/2012,0.08
22/02/2012,0.09
23/02/2012,0.09
24/02/2012,0.1
27/02/2012,0.12
28/02/2012,0.1
29/02/2012,0.08
01/03/2012,0.08
02/03/2012,0.07
05/03/2012,0.08
06/03/2012,0.08
07/03/2012,0.08
08/03/2012,0.08
09/03/2012,0.09
12/03/2012,0.09
13/03/2012,0.08
14/03/2012,0.09
15/03/2012,0.08
16/03/2012,0.09
19/03/2012,0.1
20/03/2012,0.1
21/03/2012,0.09
22/03/2012,0.08
23/03/2012,0.08
26/03/2012,0.09
27/03/2012,0.09
28/03/2012,0.09
29/03/2012,0.07
30/03/2012,0.07
02/04/2012,0.08
03/04/2012,0.08
04/04/2012,0.08
05/04/2012,0.08
09/04/2012,0.09
10/04/2012,0.09
11/04/2012,0.09
12/04/2012,0.09
13/04/2012,0.09
16/04/2012,0.08
17/04/2012,0.08
18/04/2012,0.07
19/04/2012,0.07
20/04/2012,0.08
23/04/2012,0.08
24/04/2012,0.09
25/04/2012,0.09
26/04/2012,0.09
27/04/2012,0.09
30/04/2012,0.1
01/05/2012,0.09
02/05/2012,0.08
03/05/2012,0.09
04/05/2012,0.07
07/05/2012,0.1
08/05/2012,0.09
09/05/2012,0.09
10/05/2012,0.1
11/05/2012,0.1
14/05/2012,0.1
15/05/2012,0.09
16/05/2012,0.1
17/05/2012,0.1
18/05/2012,0.08
21/05/2012,0.09
22/05/2012,0.09
23/05/2012,0.09
24/05/2012,0.1
25/05/2012,0.09
29/05/2012,0.09
30/05/2012,0.07
31/05/2012,0.07
01/06/2012,0.07
04/06/2012,0.08
05/06/2012,0.08
06/06/2012,0.09
07/06/2012,0.09
08/06/2012,0.09
11/06/2012,0.09
12/06/2012,0.1
13/06/2012,0.1
14/06/2012,0.11
15/06/2012,0.09
18/06/2012,0.1
19/06/2012,0.09
20/06/2012,0.09
21/06/2012,0.09
22/06/2012,0.09
25/06/2012,0.1
26/06/2012,0.1
27/06/2012,0.09
28/06/2012,0.09
29/06/2012,0.09
02/07/2012,0.1
03/07/2012,0.09
05/07/2012,0.08
06/07/2012,0.08
09/07/2012,0.09
10/07/2012,0.09
11/07/2012,0.1
12/07/2012,0.1
13/07/2012,0.1
16/07/2012,0.1
17/07/2012,0.1
18/07/2012,0.09
19/07/2012,0.09
20/07/2012,0.09
23/07/2012,0.1
24/07/2012,0.1
25/07/2012,0.1
26/07/2012,0.11
27/07/2012,0.11
30/07/2012,0.11
31/07/2012,0.11
01/08/2012,0.1
02/08/2012,0.09
03/08/2012,0.09
06/08/2012,0.1
07/08/2012,0.11
08/08/2012,0.11
09/08/2012,0.11
10/08/2012,0.1
13/08/2012,0.11
14/08/2012,0.11
15/08/2012,0.09
16/08/2012,0.09
17/08/2012,0.09
20/08/2012,0.11
21/08/2012,0.11
22/08/2012,0.11
23/08/2012,0.11
24/08/2012,0.1
27/08/2012,0.11
28/08/2012,0.1
29/08/2012,0.12
30/08/2012,0.1
31/08/2012,0.09
04/09/2012,0.1
05/09/2012,0.11
06/09/2012,0.11
07/09/2012,0.11
10/09/2012,0.1
11/09/2012,0.1
12/09/2012,0.1
13/09/2012,0.1
14/09/2012,0.11
17/09/2012,0.11
18/09/2012,0.1
19/09/2012,0.11
20/09/2012,0.11
21/09/2012,0.11
24/09/2012,0.11
25/09/2012,0.11
26/09/2012,0.11
27/09/2012,0.09
28/09/2012,0.1
01/10/2012,0.09
02/10/2012,0.09
03/10/2012,0.09
04/10/2012,0.1
05/10/2012,0.11
08/10/2012,
09/10/2012,0.1
10/10/2012,0.1
11/10/2012,0.1
12/10/2012,0.11
15/10/2012,0.11
16/10/2012,0.09
17/10/2012,0.11
18/10/2012,0.1
19/10/2012,0.1
22/10/2012,0.1
23/10/2012,0.11
24/10/2012,0.11
25/10/2012,0.11
26/10/2012,0.12
31/10/2012,0.11
01/11/2012,0.09
02/11/2012,0.09
05/11/2012,0.11
06/11/2012,0.1
07/11/2012,0.1
08/11/2012,0.1
09/11/2012,0.09
12/11/2012,
13/11/2012,0.11
14/11/2012,0.1
15/11/2012,0.08
16/11/2012,0.06
19/11/2012,0.09
20/11/2012,0.08
21/11/2012,0.1
23/11/2012,0.1
26/11/2012,0.1
27/11/2012,0.1
28/11/2012,0.1
29/11/2012,0.09
30/11/2012,0.08
03/12/2012,0.1
04/12/2012,0.1
05/12/2012,0.1
06/12/2012,0.1
07/12/2012,0.09
10/12/2012,0.09
11/12/2012,0.08
12/12/2012,0.07
13/12/2012,0.06
14/12/2012,0.04
17/12/2012,0.05
18/12/2012,0.06
19/12/2012,0.05
20/12/2012,0.06
21/12/2012,0.06
24/12/2012,0.06
26/12/2012,0.09
27/12/2012,0.08
28/12/2012,0.01
31/12/2012,0.05
02/01/2013,0.08
03/01/2013,0.08
04/01/2013,0.07
07/01/2013,0.07
08/01/2013,0.07
09/01/2013,0.06
10/01/2013,0.06
11/01/2013,0.07
14/01/2013,0.08
15/01/2013,0.09
16/01/2013,0.08
17/01/2013,0.07
18/01/2013,0.08
22/01/2013,0.08
23/01/2013,0.08
24/01/2013,0.08
25/01/2013,0.08
28/01/2013,0.07
29/01/2013,0.07
30/01/2013,0.07
31/01/2013,0.07
01/02/2013,0.06
04/02/2013,0.07
05/02/2013,0.07
06/02/2013,0.07
07/02/2013,0.07
08/02/2013,0.07
11/02/2013,0.09
12/02/2013,0.09
13/02/2013,0.1
14/02/2013,0.11
15/02/2013,0.1
19/02/2013,0.12
20/02/2013,0.12
21/02/2013,0.13
22/02/2013,0.13
25/02/2013,0.12
26/02/2013,0.14
27/02/2013,0.11
28/02/2013,0.11
01/03/2013,0.11
04/03/2013,0.11
05/03/2013,0.08
06/03/2013,0.1
07/03/2013,0.1
08/03/2013,0.1
11/03/2013,0.1
12/03/2013,0.1
13/03/2013,0.09
14/03/2013,0.1
15/03/2013,0.09
18/03/2013,0.07
19/03/2013,0.07
20/03/2013,0.07
21/03/2013,0.07
22/03/2013,0.07
25/03/2013,0.08
26/03/2013,0.07
27/03/2013,0.09
28/03/2013,0.07
01/04/2013,0.08
02/04/2013,0.07
03/04/2013,0.06
04/04/2013,0.07
05/04/2013,0.07
08/04/2013,0.07
09/04/2013,0.06
10/04/2013,0.07
11/04/2013,0.07
12/04/2013,0.06
15/04/2013,0.06
16/04/2013,0.06
17/04/2013,0.06
18/04/2013,0.05
19/04/2013,0.05
22/04/2013,0.05
23/04/2013,0.05
24/04/2013,0.06
25/04/2013,0.05
26/04/2013,0.05
29/04/2013,0.05
30/04/2013,0.05
01/05/2013,0.06
02/05/2013,0.05
03/05/2013,0.05
06/05/2013,0.04
07/05/2013,0.04
08/05/2013,0.04
09/05/2013,0.04
10/05/2013,0.04
13/05/2013,0.05
14/05/2013,0.05
15/05/2013,0.04
16/05/2013,0.03
17/05/2013,0.04
20/05/2013,0.05
21/05/2013,0.04
22/05/2013,0.04
23/05/2013,0.05
24/05/2013,0.04
28/05/2013,0.05
29/05/2013,0.05
30/05/2013,0.04
31/05/2013,0.04
03/06/2013,0.05
04/06/2013,0.04
05/06/2013,0.05
06/06/2013,0.05
07/06/2013,0.04
10/06/2013,0.05
11/06/2013,0.05
12/06/2013,0.05
13/06/2013,0.05
14/06/2013,0.05
17/06/2013,0.05
18/06/2013,0.05
19/06/2013,0.05
20/06/2013,0.05
21/06/2013,0.05
24/06/2013,0.06
25/06/2013,0.06
26/06/2013,0.06
27/06/2013,0.06
28/06/2013,0.04
01/07/2013,0.04
02/07/2013,0.03
03/07/2013,0.05
05/07/2013,0.04
08/07/2013,0.05
09/07/2013,0.04
10/07/2013,0.04
11/07/2013,0.04
12/07/2013,0.04
15/07/2013,0.04
16/07/2013,0.03
17/07/2013,0.03
18/07/2013,0.03
19/07/2013,0.03
22/07/2013,0.04
23/07/2013,0.02
24/07/2013,0.03
25/07/2013,0.02
26/07/2013,0.03
29/07/2013,0.03
30/07/2013,0.04
31/07/2013,0.04
01/08/2013,0.04
02/08/2013,0.04
05/08/2013,0.05
06/08/2013,0.04
07/08/2013,0.05
08/08/2013,0.05
09/08/2013,0.05
12/08/2013,0.06
13/08/2013,0.06
14/08/2013,0.05
15/08/2013,0.05
16/08/2013,0.05
19/08/2013,0.06
20/08/2013,0.04
21/08/2013,0.04
22/08/2013,0.03
23/08/2013,0.03
26/08/2013,0.04
27/08/2013,0.05
28/08/2013,0.03
29/08/2013,0.02
30/08/2013,0.03
03/09/2013,0.02
04/09/2013,0.02
05/09/2013,0.02
06/09/2013,0.02
09/09/2013,0.02
10/09/2013,0.02
11/09/2013,0.02
12/09/2013,0.01
13/09/2013,0.01
16/09/2013,0.02
17/09/2013,0.01
18/09/2013,0.01
19/09/2013,0.01
20/09/2013,0.01
23/09/2013,0.02
24/09/2013,0.02
25/09/2013,0.02
26/09/2013,0
27/09/2013,0.02
30/09/2013,0.02
01/10/2013,0.02
02/10/2013,0.02
03/10/2013,0.03
04/10/2013,0.03
07/10/2013,0.03
08/10/2013,0.05
09/10/2013,0.05
10/10/2013,0.05
11/10/2013,0.08
14/10/2013,
15/10/2013,0.14
16/10/2013,0.1
17/10/2013,0.05
18/10/2013,0.04
21/10/2013,0.04
22/10/2013,0.04
23/10/2013,0.04
24/10/2013,0.03
25/10/2013,0.04
28/10/2013,0.04
29/10/2013,0.04
30/10/2013,0.04
31/10/2013,0.04
01/11/2013,0.04
04/11/2013,0.05
05/11/2013,0.05
06/11/2013,0.05
07/11/2013,0.05
08/11/2013,0.06
11/11/2013,
12/11/2013,0.08
13/11/2013,0.08
14/11/2013,0.08
15/11/2013,0.08
18/11/2013,0.09
19/11/2013,0.08
20/11/2013,0.08
21/11/2013,0.07
22/11/2013,0.07
25/11/2013,0.08
26/11/2013,0.07
27/11/2013,0.07
29/11/2013,0.06
02/12/2013,0.05
03/12/2013,0.06
04/12/2013,0.06
05/12/2013,0.06
06/12/2013,0.06
09/12/2013,0.07
10/12/2013,0.07
11/12/2013,0.07
12/12/2013,0.07
13/12/2013,0.07
16/12/2013,0.07
17/12/2013,0.07
18/12/2013,0.07
19/12/2013,0.06
20/12/2013,0.07
23/12/2013,0.07
24/12/2013,0.07
26/12/2013,0.07
27/12/2013,0.07
30/12/2013,0.07
31/12/2013,0.07
02/01/2014,0.07
03/01/2014,0.07
06/01/2014,0.05
07/01/2014,0.04
08/01/2014,0.05
09/01/2014,0.04
10/01/2014,0.05
13/01/2014,0.03
14/01/2014,0.04
15/01/2014,0.04
16/01/2014,0.04
17/01/2014,0.05
21/01/2014,0.04
22/01/2014,0.04
23/01/2014,0.04
24/01/2014,0.04
27/01/2014,0.05
28/01/2014,0.05
29/01/2014,0.04
30/01/2014,0.02
31/01/2014,0.02
03/02/2014,0.05
04/02/2014,0.06
05/02/2014,0.07
06/02/2014,0.07
07/02/2014,0.08
10/02/2014,0.07
11/02/2014,0.05
12/02/2014,0.05
13/02/2014,0.03
14/02/2014,0.02
18/02/2014,0.05
19/02/2014,0.06
20/02/2014,0.05
21/02/2014,0.05
24/02/2014,0.05
25/02/2014,0.05
26/02/2014,0.05
27/02/2014,0.04
28/02/2014,0.05
03/03/2014,0.05
04/03/2014,0.05
05/03/2014,0.06
06/03/2014,0.05
07/03/2014,0.06
10/03/2014,0.05
11/03/2014,0.05
12/03/2014,0.05
13/03/2014,0.05
14/03/2014,0.05
17/03/2014,0.06
18/03/2014,0.05
19/03/2014,0.06
20/03/2014,0.06
21/03/2014,0.06
24/03/2014,0.06
25/03/2014,0.05
26/03/2014,0.05
27/03/2014,0.04
28/03/2014,0.04
31/03/2014,0.05
01/04/2014,0.04
02/04/2014,0.02
03/04/2014,0.02
04/04/2014,0.03
07/04/2014,0.03
08/04/2014,0.03
09/04/2014,0.04
10/04/2014,0.04
11/04/2014,0.04
14/04/2014,0.04
15/04/2014,0.04
16/04/2014,0.04
17/04/2014,0.03
21/04/2014,0.04
22/04/2014,0.03
23/04/2014,0.02
24/04/2014,0.01
25/04/2014,0.03
28/04/2014,0.03
29/04/2014,0.02
30/04/2014,0.03
01/05/2014,0.03
02/05/2014,0.02
05/05/2014,0.03
06/05/2014,0.03
07/05/2014,0.03
08/05/2014,0.03
09/05/2014,0.03
12/05/2014,0.03
13/05/2014,0.03
14/05/2014,0.03
15/05/2014,0.03
16/05/2014,0.03
19/05/2014,0.03
20/05/2014,0.03
21/05/2014,0.04
22/05/2014,0.03
23/05/2014,0.04
27/05/2014,0.04
28/05/2014,0.04
29/05/2014,0.04
30/05/2014,0.04
02/06/2014,0.04
03/06/2014,0.04
04/06/2014,0.04
05/06/2014,0.04
06/06/2014,0.04
09/06/2014,0.04
10/06/2014,0.04
11/06/2014,0.04
12/06/2014,0.04
13/06/2014,0.04
16/06/2014,0.04
17/06/2014,0.04
18/06/2014,0.03
19/06/2014,0.02
20/06/2014,0.02
23/06/2014,0.03
24/06/2014,0.03
25/06/2014,0.03
26/06/2014,0.04
27/06/2014,0.03
30/06/2014,0.04
01/07/2014,0.02
02/07/2014,0.02
03/07/2014,0.01
07/07/2014,0.04
08/07/2014,0.03
09/07/2014,0.03
10/07/2014,0.02
11/07/2014,0.02
14/07/2014,0.03
15/07/2014,0.02
16/07/2014,0.02
17/07/2014,0.02
18/07/2014,0.02
21/07/2014,0.03
22/07/2014,0.03
23/07/2014,0.03
24/07/2014,0.03
25/07/2014,0.03
28/07/2014,0.04
29/07/2014,0.02
30/07/2014,0.04
31/07/2014,0.03
01/08/2014,0.03
04/08/2014,0.04
05/08/2014,0.03
06/08/2014,0.03
07/08/2014,0.03
08/08/2014,0.03
11/08/2014,0.04
12/08/2014,0.03
13/08/2014,0.04
14/08/2014,0.04
15/08/2014,0.03
18/08/2014,0.03
19/08/2014,0.03
20/08/2014,0.04
21/08/2014,0.02
22/08/2014,0.03
25/08/2014,0.04
26/08/2014,0.03
27/08/2014,0.04
28/08/2014,0.03
29/08/2014,0.03
02/09/2014,0.03
03/09/2014,0.03
04/09/2014,0.03
05/09/2014,0.03
08/09/2014,0.02
09/09/2014,0.02
10/09/2014,0.02
11/09/2014,0.02
12/09/2014,0.02
15/09/2014,0.02
16/09/2014,0.02
17/09/2014,0.02
18/09/2014,0.02
19/09/2014,0.02
22/09/2014,0.01
23/09/2014,0.01
24/09/2014,0.02
25/09/2014,0.01
26/09/2014,0.01
29/09/2014,0.02
30/09/2014,0.02
01/10/2014,0.02
02/10/2014,0.01
03/10/2014,0.01
06/10/2014,0.02
07/10/2014,0.02
08/10/2014,0.01
09/10/2014,0.01
10/10/2014,0.01
13/10/2014,
14/10/2014,0.02
15/10/2014,0.02
16/10/2014,0.03
17/10/2014,0.02
20/10/2014,0.02
21/10/2014,0.02
22/10/2014,0.02
23/10/2014,0.01
24/10/2014,0.01
27/10/2014,0.02
28/10/2014,0.02
29/10/2014,0.03
30/10/2014,0.01
31/10/2014,0.01
03/11/2014,0.02
04/11/2014,0.03
05/11/2014,0.03
06/11/2014,0.03
07/11/2014,0.03
10/11/2014,0.02
11/11/2014,
12/11/2014,0.02
13/11/2014,0.02
14/11/2014,0.02
17/11/2014,0.03
18/11/2014,0.02
19/11/2014,0.01
20/11/2014,0.02
21/11/2014,0.01
24/11/2014,0.02
25/11/2014,0.02
26/11/2014,0.02
28/11/2014,0.02
01/12/2014,0.03
02/12/2014,0.03
03/12/2014,0.01
04/12/2014,0.02
05/12/2014,0.02
08/12/2014,0.03
09/12/2014,0.04
10/12/2014,0.03
11/12/2014,0.03
12/12/2014,0.02
15/12/2014,0.04
16/12/2014,0.03
17/12/2014,0.03
18/12/2014,0.04
19/12/2014,0.04
22/12/2014,0.05
23/12/2014,0.03
24/12/2014,0.01
26/12/2014,0.01
29/12/2014,0.03
30/12/2014,0.03
31/12/2014,0.04
02/01/2015,0.02
05/01/2015,0.03
06/01/2015,0.03
07/01/2015,0.03
08/01/2015,0.03
09/01/2015,0.02
12/01/2015,0.03
13/01/2015,0.03
14/01/2015,0.04
15/01/2015,0.03
16/01/2015,0.03
20/01/2015,0.03
21/01/2015,0.03
22/01/2015,0.03
23/01/2015,0.02
26/01/2015,0.03
27/01/2015,0.02
28/01/2015,0.02
29/01/2015,0.03
30/01/2015,0.02
02/02/2015,0.02
03/02/2015,0.02
04/02/2015,0.01
05/02/2015,0.02
06/02/2015,0.02
09/02/2015,0.01
10/02/2015,0.01
11/02/2015,0.01
12/02/2015,0.02
13/02/2015,0.01
17/02/2015,0.02
18/02/2015,0.02
19/02/2015,0.02
20/02/2015,0.02
23/02/2015,0.02
24/02/2015,0.02
25/02/2015,0.02
26/02/2015,0.03
27/02/2015,0.02
02/03/2015,0.02
03/03/2015,0.02
04/03/2015,0.01
05/03/2015,0.02
06/03/2015,0.01
09/03/2015,0.02
10/03/2015,0.02
11/03/2015,0.03
12/03/2015,0.03
13/03/2015,0.03
16/03/2015,0.05
17/03/2015,0.05
18/03/2015,0.03
19/03/2015,0.03
20/03/2015,0.01
23/03/2015,0.03
24/03/2015,0.02
25/03/2015,0.04
26/03/2015,0.03
27/03/2015,0.04
30/03/2015,0.04
31/03/2015,0.03
01/04/2015,0.03
02/04/2015,0.02
06/04/2015,0.03
07/04/2015,0.02
08/04/2015,0.03
09/04/2015,0.03
10/04/2015,0.02
13/04/2015,0.03
14/04/2015,0.02
15/04/2015,0.02
16/04/2015,0.02
17/04/2015,0.01
20/04/2015,0.03
21/04/2015,0.03
22/04/2015,0.03
23/04/2015,0.03
24/04/2015,0.03
27/04/2015,0.02
28/04/2015,0.02
29/04/2015,0.01
30/04/2015,0.01
01/05/2015,0.01
04/05/2015,0.02
05/05/2015,0.01
06/05/2015,0.02
07/05/2015,0.01
08/05/2015,0.01
11/05/2015,0.02
12/05/2015,0.03
13/05/2015,0.02
14/05/2015,0.01
15/05/2015,0.02
18/05/2015,0.02
19/05/2015,0.02
20/05/2015,0.02
21/05/2015,0.02
22/05/2015,0.02
26/05/2015,0.02
27/05/2015,0.01
28/05/2015,0.01
29/05/2015,0.01
01/06/2015,0.02
02/06/2015,0.01
03/06/2015,0.02
04/06/2015,0.02
05/06/2015,0.03
08/06/2015,0.02
09/06/2015,0.02
10/06/2015,0.02
11/06/2015,0.01
12/06/2015,0.02
15/06/2015,0.02
16/06/2015,0.01
17/06/2015,0.01
18/06/2015,0.01
19/06/2015,0.01
22/06/2015,0.01
23/06/2015,0.01
24/06/2015,0.01
25/06/2015,0.01
26/06/2015,0.01
29/06/2015,0.02
30/06/2015,0.01
01/07/2015,0.01
02/07/2015,0.01
06/07/2015,0.02
07/07/2015,0.02
08/07/2015,0.02
09/07/2015,0.03
10/07/2015,0.01
13/07/2015,0.02
14/07/2015,0.01
15/07/2015,0.02
16/07/2015,0.02
17/07/2015,0.03
20/07/2015,0.04
21/07/2015,0.03
22/07/2015,0.04
23/07/2015,0.03
24/07/2015,0.04
27/07/2015,0.05
28/07/2015,0.05
29/07/2015,0.06
30/07/2015,0.07
31/07/2015,0.08
03/08/2015,0.08
04/08/2015,0.08
05/08/2015,0.08
06/08/2015,0.04
07/08/2015,0.06
10/08/2015,0.12
11/08/2015,0.1
12/08/2015,0.1
13/08/2015,0.1
14/08/2015,0.09
17/08/2015,0.1
18/08/2015,0.07
19/08/2015,0.05
20/08/2015,0.02
21/08/2015,0.03
24/08/2015,0.06
25/08/2015,0.07
26/08/2015,0.06
27/08/2015,0.06
28/08/2015,0.06
31/08/2015,0.08
01/09/2015,0.03
02/09/2015,0.03
03/09/2015,0.02
04/09/2015,0.02
08/09/2015,0.06
09/09/2015,0.03
10/09/2015,0.02
11/09/2015,0.04
14/09/2015,0.07
15/09/2015,0.07
16/09/2015,0.06
17/09/2015,0.01
18/09/2015,-0.01
21/09/2015,0.01
22/09/2015,-0.01
23/09/2015,0.01
24/09/2015,0.01
25/09/2015,-0.01
28/09/2015,0.01
29/09/2015,0.01
30/09/2015,-0.01
01/10/2015,-0.02
02/10/2015,0
05/10/2015,0.01
06/10/2015,0
07/10/2015,0
08/10/2015,-0.01
09/10/2015,0.01
12/10/2015,
13/10/2015,0.01
14/10/2015,0
15/10/2015,0.01
16/10/2015,0.01
19/10/2015,0.02
20/10/2015,0.02
21/10/2015,0.01
22/10/2015,0
23/10/2015,0.01
26/10/2015,0.02
27/10/2015,0.03
28/10/2015,0.04
29/10/2015,0.07
30/10/2015,0.08
02/11/2015,0.08
03/11/2015,0.06
04/11/2015,0.05
05/11/2015,0.05
06/11/2015,0.08
09/11/2015,0.14
10/11/2015,0.13
11/11/2015,
12/11/2015,0.14
13/11/2015,0.13
16/11/2015,0.15
17/11/2015,0.14
18/11/2015,0.12
19/11/2015,0.11
20/11/2015,0.11
23/11/2015,0.14
24/11/2015,0.16
25/11/2015,0.19
27/11/2015,0.17
30/11/2015,0.22
01/12/2015,0.21
02/12/2015,0.21
03/12/2015,0.21
04/12/2015,0.22
07/12/2015,0.29
08/12/2015,0.27
09/12/2015,0.26
10/12/2015,0.24
11/12/2015,0.22
14/12/2015,0.26
15/12/2015,0.25
16/12/2015,0.27
17/12/2015,0.23
18/12/2015,0.19
21/12/2015,0.24
22/12/2015,0.21
23/12/2015,0.2
24/12/2015,0.2
28/12/2015,0.23
29/12/2015,0.23
30/12/2015,0.21
31/12/2015,0.16
04/01/2016,0.22
05/01/2016,0.2
06/01/2016,0.21
07/01/2016,0.2
08/01/2016,0.2
11/01/2016,0.21
12/01/2016,0.21
13/01/2016,0.22
14/01/2016,0.25
15/01/2016,0.23
19/01/2016,0.26
20/01/2016,0.26
21/01/2016,0.28
22/01/2016,0.3
25/01/2016,0.31
26/01/2016,0.31
27/01/2016,0.32
28/01/2016,0.34
29/01/2016,0.32
01/02/2016,0.35
02/02/2016,0.34
03/02/2016,0.33
04/02/2016,0.29
05/02/2016,0.29
08/02/2016,0.32
09/02/2016,0.3
10/02/2016,0.31
11/02/2016,0.28
12/02/2016,0.29
16/02/2016,0.3
17/02/2016,0.3
18/02/2016,0.3
19/02/2016,0.3
22/02/2016,0.33
23/02/2016,0.32
24/02/2016,0.33
25/02/2016,0.32
26/02/2016,0.32
29/02/2016,0.33
01/03/2016,0.33
02/03/2016,0.35
03/03/2016,0.27
04/03/2016,0.28
07/03/2016,0.32
08/03/2016,0.29
09/03/2016,0.3
10/03/2016,0.31
11/03/2016,0.32
14/03/2016,0.34
15/03/2016,0.34
16/03/2016,0.31
17/03/2016,0.29
18/03/2016,0.29
21/03/2016,0.31
22/03/2016,0.3
23/03/2016,0.3
24/03/2016,0.29
28/03/2016,0.29
29/03/2016,0.23
30/03/2016,0.2
31/03/2016,0.21
01/04/2016,0.23
04/04/2016,0.23
05/04/2016,0.23
06/04/2016,0.23
07/04/2016,0.23
08/04/2016,0.23
11/04/2016,0.23
12/04/2016,0.22
13/04/2016,0.23
14/04/2016,0.22
15/04/2016,0.22
18/04/2016,0.22
19/04/2016,0.21
20/04/2016,0.23
21/04/2016,0.23
22/04/2016,0.23
25/04/2016,0.25
26/04/2016,0.24
27/04/2016,0.24
28/04/2016,0.22
29/04/2016,0.22
02/05/2016,0.22
03/05/2016,0.21
04/05/2016,0.19
05/05/2016,0.2
06/05/2016,0.19
09/05/2016,0.24
10/05/2016,0.24
11/05/2016,0.26
12/05/2016,0.27
13/05/2016,0.28
16/05/2016,0.28
17/05/2016,0.28
18/05/2016,0.3
19/05/2016,0.3
20/05/2016,0.32
23/05/2016,0.35
24/05/2016,0.35
25/05/2016,0.33
26/05/2016,0.3
27/05/2016,0.31
31/05/2016,0.34
01/06/2016,0.3
02/06/2016,0.28
03/06/2016,0.29
06/06/2016,0.28
07/06/2016,0.28
08/06/2016,0.24
09/06/2016,0.25
10/06/2016,0.25
13/06/2016,0.27
14/06/2016,0.27
15/06/2016,0.26
16/06/2016,0.27
17/06/2016,0.26
20/06/2016,0.28
21/06/2016,0.27
22/06/2016,0.27
23/06/2016,0.3
24/06/2016,0.26
27/06/2016,0.27
28/06/2016,0.26
29/06/2016,0.26
30/06/2016,0.26
01/07/2016,0.27
05/07/2016,0.28
06/07/2016,0.27
07/07/2016,0.29
08/07/2016,0.27
11/07/2016,0.31
12/07/2016,0.29
13/07/2016,0.31
14/07/2016,0.31
15/07/2016,0.31
18/07/2016,0.32
19/07/2016,0.31
20/07/2016,0.32
21/07/2016,0.31
22/07/2016,0.32
25/07/2016,0.32
26/07/2016,0.31
27/07/2016,0.31
28/07/2016,0.25
29/07/2016,0.27
01/08/2016,0.29
02/08/2016,0.29
03/08/2016,0.28
04/08/2016,0.26
05/08/2016,0.27
08/08/2016,0.31
09/08/2016,0.29
10/08/2016,0.28
11/08/2016,0.28
12/08/2016,0.28
15/08/2016,0.31
16/08/2016,0.27
17/08/2016,0.3
18/08/2016,0.29
19/08/2016,0.29
22/08/2016,0.29
23/08/2016,0.3
24/08/2016,0.31
25/08/2016,0.33
26/08/2016,0.33
29/08/2016,0.33
30/08/2016,0.33
31/08/2016,0.33
01/09/2016,0.33
02/09/2016,0.32
06/09/2016,0.32
07/09/2016,0.34
08/09/2016,0.34
09/09/2016,0.34
12/09/2016,0.37
13/09/2016,0.36
14/09/2016,0.33
15/09/2016,0.29
16/09/2016,0.29
19/09/2016,0.3
20/09/2016,0.3
21/09/2016,0.22
22/09/2016,0.18
23/09/2016,0.18
26/09/2016,0.25
27/09/2016,0.26
28/09/2016,0.27
29/09/2016,0.26
30/09/2016,0.28
03/10/2016,0.32
04/10/2016,0.33
05/10/2016,0.32
06/10/2016,0.32
07/10/2016,0.32
10/10/2016,
11/10/2016,0.35
12/10/2016,0.36
13/10/2016,0.29
14/10/2016,0.31
17/10/2016,0.34
18/10/2016,0.34
19/10/2016,0.34
20/10/2016,0.34
21/10/2016,0.33
24/10/2016,0.33
25/10/2016,0.34
26/10/2016,0.33
27/10/2016,0.29
28/10/2016,0.29
31/10/2016,0.34
01/11/2016,0.35
02/11/2016,0.36
03/11/2016,0.37
04/11/2016,0.37
07/11/2016,0.41
08/11/2016,0.43
09/11/2016,0.44
10/11/2016,0.47
11/11/2016,
14/11/2016,0.54
15/11/2016,0.5
16/11/2016,0.46
17/11/2016,0.43
18/11/2016,0.43
21/11/2016,0.46
22/11/2016,0.48
23/11/2016,0.5
25/11/2016,0.48
28/11/2016,0.48
29/11/2016,0.48
30/11/2016,0.48
01/12/2016,0.47
02/12/2016,0.48
05/12/2016,0.49
06/12/2016,0.49
07/12/2016,0.51
08/12/2016,0.5
09/12/2016,0.53
12/12/2016,0.51
13/12/2016,0.54
14/12/2016,0.54
15/12/2016,0.5
16/12/2016,0.5
19/12/2016,0.52
20/12/2016,0.52
21/12/2016,0.51
22/12/2016,0.5
23/12/2016,0.51
27/12/2016,0.51
28/12/2016,0.52
29/12/2016,0.46
30/12/2016,0.5
03/01/2017,0.53
04/01/2017,0.52
05/01/2017,0.51
06/01/2017,0.52
09/01/2017,0.5
10/01/2017,0.51
11/01/2017,0.51
12/01/2017,0.51
13/01/2017,0.52
17/01/2017,0.54
18/01/2017,0.52
19/01/2017,0.51
20/01/2017,0.49
23/01/2017,0.51
24/01/2017,0.5
25/01/2017,0.49
26/01/2017,0.5
27/01/2017,0.51
30/01/2017,0.51
31/01/2017,0.52
01/02/2017,0.5
02/02/2017,0.51
03/02/2017,0.5
06/02/2017,0.53
07/02/2017,0.53
08/02/2017,0.53
09/02/2017,0.53
10/02/2017,0.54
13/02/2017,0.52
14/02/2017,0.54
15/02/2017,0.53
16/02/2017,0.52
17/02/2017,0.52
21/02/2017,0.53
22/02/2017,0.52
23/02/2017,0.51
24/02/2017,0.51
27/02/2017,0.5
28/02/2017,0.53
01/03/2017,0.62
02/03/2017,0.66
03/03/2017,0.7
06/03/2017,0.73
07/03/2017,0.75
08/03/2017,0.72
09/03/2017,0.72
10/03/2017,0.73
13/03/2017,0.78
14/03/2017,0.77
15/03/2017,0.72
16/03/2017,0.72
17/03/2017,0.72
20/03/2017,0.75
21/03/2017,0.76
22/03/2017,0.76
23/03/2017,0.75
24/03/2017,0.77
27/03/2017,0.77
28/03/2017,0.77
29/03/2017,0.77
30/03/2017,0.77
31/03/2017,0.75
03/04/2017,0.78
04/04/2017,0.78
05/04/2017,0.79
06/04/2017,0.78
07/04/2017,0.81
10/04/2017,0.81
11/04/2017,0.81
12/04/2017,0.8
13/04/2017,0.8
17/04/2017,0.82
18/04/2017,0.81
19/04/2017,0.8
20/04/2017,0.78
21/04/2017,0.78
24/04/2017,0.8
25/04/2017,0.81
26/04/2017,0.82
27/04/2017,0.8
28/04/2017,0.79
01/05/2017,0.82
02/05/2017,0.81
03/05/2017,0.84
04/05/2017,0.84
05/05/2017,0.88
08/05/2017,0.9
09/05/2017,0.9
10/05/2017,0.89
11/05/2017,0.87
12/05/2017,0.86
15/05/2017,0.89
16/05/2017,0.89
17/05/2017,0.89
18/05/2017,0.91
19/05/2017,0.9
22/05/2017,0.92
23/05/2017,0.91
24/05/2017,0.92
25/05/2017,0.92
26/05/2017,0.92
30/05/2017,0.92
31/05/2017,0.96
01/06/2017,0.96
02/06/2017,0.96
05/06/2017,0.95
06/06/2017,0.96
07/06/2017,0.98
08/06/2017,0.99
09/06/2017,0.99
12/06/2017,0.97
13/06/2017,0.99
14/06/2017,0.99
15/06/2017,1
16/06/2017,1.01
19/06/2017,1.01
20/06/2017,1
21/06/2017,0.97
22/06/2017,0.94
23/06/2017,0.95
26/06/2017,0.98
27/06/2017,0.99
28/06/2017,1
29/06/2017,1.02
30/06/2017,1.01
03/07/2017,1.04
05/07/2017,1.03
06/07/2017,1.02
07/07/2017,1.03
10/07/2017,1.03
11/07/2017,1.03
12/07/2017,1.03
13/07/2017,1.03
14/07/2017,1.02
17/07/2017,1.05
18/07/2017,1.05
19/07/2017,1.09
20/07/2017,1.13
21/07/2017,1.14
24/07/2017,1.15
25/07/2017,1.16
26/07/2017,1.11
27/07/2017,1.09
28/07/2017,1.06
31/07/2017,1.05
01/08/2017,1.06
02/08/2017,1.06
03/08/2017,1.06
04/08/2017,1.06
07/08/2017,1.01
08/08/2017,1.04
09/08/2017,1.04
10/08/2017,1.03
11/08/2017,1.01
14/08/2017,1.01
15/08/2017,1.02
16/08/2017,1
17/08/2017,0.98
18/08/2017,1
21/08/2017,0.99
22/08/2017,0.99
23/08/2017,0.98
24/08/2017,1
25/08/2017,1.01
28/08/2017,0.97
29/08/2017,1.01
30/08/2017,1.01
31/08/2017,0.99
01/09/2017,1
05/09/2017,1.01
06/09/2017,1.05
07/09/2017,1.03
08/09/2017,1.02
11/09/2017,1.04
12/09/2017,1.02
13/09/2017,1.02
14/09/2017,1.03
15/09/2017,1.03
18/09/2017,1.04
19/09/2017,1.03
20/09/2017,1.02
21/09/2017,1.02
22/09/2017,1.01
25/09/2017,1.04
26/09/2017,1.05
27/09/2017,1.05
28/09/2017,1.04
29/09/2017,1.04
02/10/2017,1
03/10/2017,1.05
04/10/2017,1.06
05/10/2017,1.05
06/10/2017,1.05
09/10/2017,
10/10/2017,1.06
11/10/2017,1.08
12/10/2017,1.07
13/10/2017,1.07
16/10/2017,1.09
17/10/2017,1.07
18/10/2017,1.07
19/10/2017,1.08
20/10/2017,1.09
23/10/2017,1.08
24/10/2017,1.1
25/10/2017,1.1
26/10/2017,1.09
27/10/2017,1.08
30/10/2017,1.1
31/10/2017,1.13
01/11/2017,1.16
02/11/2017,1.15
03/11/2017,1.16
06/11/2017,1.17
07/11/2017,1.2
08/11/2017,1.21
09/11/2017,1.22
10/11/2017,1.21
13/11/2017,1.22
14/11/2017,1.24
15/11/2017,1.23
16/11/2017,1.25
17/11/2017,1.26
20/11/2017,1.28
21/11/2017,1.28
22/11/2017,1.27
24/11/2017,1.26
27/11/2017,1.25
28/11/2017,1.28
29/11/2017,1.27
30/11/2017,1.25
01/12/2017,1.25
04/12/2017,1.28
05/12/2017,1.28
06/12/2017,1.28
07/12/2017,1.27
08/12/2017,1.26
11/12/2017,1.31
12/12/2017,1.32
13/12/2017,1.28
14/12/2017,1.3
15/12/2017,1.29
18/12/2017,1.36
19/12/2017,1.35
20/12/2017,1.36
21/12/2017,1.33
22/12/2017,1.31
26/12/2017,1.45
27/12/2017,1.42
28/12/2017,1.37
29/12/2017,1.37
02/01/2018,1.42
03/01/2018,1.39
04/01/2018,1.39
05/01/2018,1.37
08/01/2018,1.43
09/01/2018,1.42
10/01/2018,1.4
11/01/2018,1.41
12/01/2018,1.41
16/01/2018,1.43
17/01/2018,1.42
18/01/2018,1.43
19/01/2018,1.42
22/01/2018,1.43
23/01/2018,1.42
24/01/2018,1.41
25/01/2018,1.4
26/01/2018,1.39
29/01/2018,1.43
30/01/2018,1.42
31/01/2018,1.44
01/02/2018,1.46
02/02/2018,1.46
05/02/2018,1.49
06/02/2018,1.5
07/02/2018,1.53
08/02/2018,1.53
09/02/2018,1.53
12/02/2018,1.61
13/02/2018,1.57
14/02/2018,1.56
15/02/2018,1.56
16/02/2018,1.59
20/02/2018,1.64
21/02/2018,1.62
22/02/2018,1.61
23/02/2018,1.61
26/02/2018,1.65
27/02/2018,1.64
28/02/2018,1.63
01/03/2018,1.6
02/03/2018,1.62
05/03/2018,1.67
06/03/2018,1.65
07/03/2018,1.65
08/03/2018,1.64
09/03/2018,1.64
12/03/2018,1.68
13/03/2018,1.7
14/03/2018,1.73
15/03/2018,1.74
16/03/2018,1.75
19/03/2018,1.77
20/03/2018,1.78
21/03/2018,1.71
22/03/2018,1.69
23/03/2018,1.71
26/03/2018,1.76
27/03/2018,1.74
28/03/2018,1.7
29/03/2018,1.7
02/04/2018,1.74
03/04/2018,1.72
04/04/2018,1.68
05/04/2018,1.69
06/04/2018,1.7
09/04/2018,1.73
10/04/2018,1.71
11/04/2018,1.7
12/04/2018,1.72
13/04/2018,1.73
16/04/2018,1.76
17/04/2018,1.77
18/04/2018,1.78
19/04/2018,1.79
20/04/2018,1.78
23/04/2018,1.84
24/04/2018,1.84
25/04/2018,1.82
26/04/2018,1.79
27/04/2018,1.78
30/04/2018,1.84
01/05/2018,1.82
02/05/2018,1.81
03/05/2018,1.8
04/05/2018,1.8
07/05/2018,1.83
08/05/2018,1.84
09/05/2018,1.85
10/05/2018,1.86
11/05/2018,1.88
14/05/2018,1.9
15/05/2018,1.89
16/05/2018,1.88
17/05/2018,1.88
18/05/2018,1.87
21/05/2018,1.9
22/05/2018,1.9
23/05/2018,1.88
24/05/2018,1.87
25/05/2018,1.86
29/05/2018,1.9
30/05/2018,1.9
31/05/2018,1.89
01/06/2018,1.88
04/06/2018,1.91
05/06/2018,1.91
06/06/2018,1.91
07/06/2018,1.9
08/06/2018,1.89
11/06/2018,1.91
12/06/2018,1.89
13/06/2018,1.9
14/06/2018,1.9
15/06/2018,1.9
18/06/2018,1.91
19/06/2018,1.91
20/06/2018,1.9
21/06/2018,1.9
22/06/2018,1.89
25/06/2018,1.9
26/06/2018,1.9
27/06/2018,1.89
28/06/2018,1.89
29/06/2018,1.89
02/07/2018,1.95
03/07/2018,1.94
05/07/2018,1.92
06/07/2018,1.93
09/07/2018,1.95
10/07/2018,1.95
11/07/2018,1.93
12/07/2018,1.94
13/07/2018,1.94
16/07/2018,1.98
17/07/2018,1.98
18/07/2018,1.96
19/07/2018,1.96
20/07/2018,1.95
23/07/2018,1.96
24/07/2018,1.98
25/07/2018,1.97
26/07/2018,1.95
27/07/2018,1.96
30/07/2018,2.01
31/07/2018,1.99
01/08/2018,1.99
02/08/2018,1.98
03/08/2018,1.97
06/08/2018,2.02
07/08/2018,2.02
08/08/2018,2.02
09/08/2018,2.02
10/08/2018,2.01
13/08/2018,2.03
14/08/2018,2.04
15/08/2018,2.03
16/08/2018,2.03
17/08/2018,2.01
20/08/2018,2.03
21/08/2018,2.04
22/08/2018,2.05
23/08/2018,2.04
24/08/2018,2.05
27/08/2018,2.08
28/08/2018,2.09
29/08/2018,2.09
30/08/2018,2.07
31/08/2018,2.07
04/09/2018,2.09
05/09/2018,2.1
06/09/2018,2.09
07/09/2018,2.1
10/09/2018,2.11
11/09/2018,2.11
12/09/2018,2.12
13/09/2018,2.11
14/09/2018,2.12
17/09/2018,2.13
18/09/2018,2.13
19/09/2018,2.12
20/09/2018,2.13
21/09/2018,2.14
24/09/2018,2.18
25/09/2018,2.17
26/09/2018,2.16
27/09/2018,2.14
28/09/2018,2.15
01/10/2018,2.19
02/10/2018,2.19
03/10/2018,2.19
04/10/2018,2.18
05/10/2018,2.18
08/10/2018,
09/10/2018,2.21
10/10/2018,2.23
11/10/2018,2.22
12/10/2018,2.23
15/10/2018,2.27
16/10/2018,2.26
17/10/2018,2.27
18/10/2018,2.27
19/10/2018,2.26
22/10/2018,2.3
23/10/2018,2.29
24/10/2018,2.29
25/10/2018,2.29
26/10/2018,2.28
29/10/2018,2.3
30/10/2018,2.29
31/10/2018,2.29
01/11/2018,2.27
02/11/2018,2.28
05/11/2018,2.32
06/11/2018,2.31
07/11/2018,2.32
08/11/2018,2.3
09/11/2018,2.31
12/11/2018,
13/11/2018,2.34
14/11/2018,2.33
15/11/2018,2.32
16/11/2018,2.31
19/11/2018,2.34
20/11/2018,2.34
21/11/2018,2.36
23/11/2018,2.36
26/11/2018,2.37
27/11/2018,2.36
28/11/2018,2.35
29/11/2018,2.32
30/11/2018,2.32
03/12/2018,2.34
04/12/2018,2.38
06/12/2018,2.36
07/12/2018,2.35
10/12/2018,2.37
11/12/2018,2.37
12/12/2018,2.39
13/12/2018,2.38
14/12/2018,2.37
17/12/2018,2.36
18/12/2018,2.34
19/12/2018,2.35
20/12/2018,2.34
21/12/2018,2.34
24/12/2018,2.41
26/12/2018,2.39
27/12/2018,2.36
28/12/2018,2.35
31/12/2018,2.4
02/01/2019,2.37
03/01/2019,2.36
04/01/2019,2.37
07/01/2019,2.41
08/01/2019,2.41
09/01/2019,2.4
10/01/2019,2.38
11/01/2019,2.38
14/01/2019,2.4
15/01/2019,2.4
16/01/2019,2.38
17/01/2019,2.37
18/01/2019,2.36
22/01/2019,2.38
23/01/2019,2.36
24/01/2019,2.32
25/01/2019,2.34
28/01/2019,2.37
29/01/2019,2.37
30/01/2019,2.37
31/01/2019,2.36
01/02/2019,2.35
04/02/2019,2.37
05/02/2019,2.37
06/02/2019,2.37
07/02/2019,2.37
08/02/2019,2.38
11/02/2019,2.4
12/02/2019,2.38
13/02/2019,2.39
14/02/2019,2.38
15/02/2019,2.38
19/02/2019,2.41
20/02/2019,2.4
21/02/2019,2.4
22/02/2019,2.41
25/02/2019,2.42
26/02/2019,2.4
27/02/2019,2.4
28/02/2019,2.4
01/03/2019,2.39
04/03/2019,2.41
05/03/2019,2.41
06/03/2019,2.41
07/03/2019,2.4
08/03/2019,2.41
11/03/2019,2.41
12/03/2019,2.41
13/03/2019,2.4
14/03/2019,2.4
15/03/2019,2.4
18/03/2019,2.39
19/03/2019,2.41
20/03/2019,2.42
21/03/2019,2.43
22/03/2019,2.41
25/03/2019,2.41
26/03/2019,2.41
27/03/2019,2.39
28/03/2019,2.38
29/03/2019,2.35
01/04/2019,2.38
02/04/2019,2.37
03/04/2019,2.39
04/04/2019,2.39
05/04/2019,2.39
08/04/2019,2.38
09/04/2019,2.37
10/04/2019,2.38
11/04/2019,2.38
12/04/2019,2.39
15/04/2019,2.38
16/04/2019,2.38
17/04/2019,2.39
18/04/2019,2.37
22/04/2019,2.39
23/04/2019,2.4
24/04/2019,2.39
25/04/2019,2.38
26/04/2019,2.37
29/04/2019,2.39
30/04/2019,2.38
01/05/2019,2.38
02/05/2019,2.41
03/05/2019,2.38
06/05/2019,2.39
07/05/2019,2.38
08/05/2019,2.38
09/05/2019,2.38
10/05/2019,2.38
13/05/2019,2.36
14/05/2019,2.36
15/05/2019,2.37
16/05/2019,2.35
17/05/2019,2.34
20/05/2019,2.34
21/05/2019,2.34
22/05/2019,2.33
23/05/2019,2.32
24/05/2019,2.3
28/05/2019,2.32
29/05/2019,2.32
30/05/2019,2.33
31/05/2019,2.3
03/06/2019,2.3
04/06/2019,2.3
05/06/2019,2.3
06/06/2019,2.28
07/06/2019,2.23
10/06/2019,2.24
11/06/2019,2.22
12/06/2019,2.19
13/06/2019,2.14
14/06/2019,2.15
17/06/2019,2.18
18/06/2019,2.17
19/06/2019,2.13
20/06/2019,2.09
21/06/2019,2.07
24/06/2019,2.08
25/06/2019,2.07
26/06/2019,2.1
27/06/2019,2.09
28/06/2019,2.08
01/07/2019,2.16
02/07/2019,2.15
03/07/2019,2.16
05/07/2019,2.18
08/07/2019,2.21
09/07/2019,2.21
10/07/2019,2.15
11/07/2019,2.12
12/07/2019,2.1
15/07/2019,2.11
16/07/2019,2.1
17/07/2019,2.09
18/07/2019,2.01
19/07/2019,2.02
22/07/2019,2.04
23/07/2019,2.02
24/07/2019,2.05
25/07/2019,2.06
26/07/2019,2.08
29/07/2019,2.07
30/07/2019,2.04
31/07/2019,2.04
01/08/2019,2.03
02/08/2019,2.02
05/08/2019,2
06/08/2019,2.01
07/08/2019,1.98
08/08/2019,1.98
09/08/2019,1.96
12/08/2019,1.96
13/08/2019,1.96
14/08/2019,1.92
15/08/2019,1.87
16/08/2019,1.83
19/08/2019,1.9
20/08/2019,1.9
21/08/2019,1.93
22/08/2019,1.96
23/08/2019,1.93
26/08/2019,1.96
27/08/2019,1.94
28/08/2019,1.95
29/08/2019,1.95
30/08/2019,1.95
03/09/2019,1.94
04/09/2019,1.93
05/09/2019,1.93
06/09/2019,1.92
09/09/2019,1.92
10/09/2019,1.91
11/09/2019,1.92
12/09/2019,1.91
13/09/2019,1.92
16/09/2019,1.95
17/09/2019,1.95
18/09/2019,1.91
19/09/2019,1.89
20/09/2019,1.87
23/09/2019,1.9
24/09/2019,1.88
25/09/2019,1.85
26/09/2019,1.79
27/09/2019,1.76
30/09/2019,1.84
01/10/2019,1.78
02/10/2019,1.75
03/10/2019,1.67
04/10/2019,1.68
07/10/2019,1.71
08/10/2019,1.68
09/10/2019,1.66
10/10/2019,1.65
11/10/2019,1.65
14/10/2019,
15/10/2019,1.64
16/10/2019,1.63
17/10/2019,1.63
18/10/2019,1.63
21/10/2019,1.64
22/10/2019,1.62
23/10/2019,1.62
24/10/2019,1.64
25/10/2019,1.63
28/10/2019,1.62
29/10/2019,1.6
30/10/2019,1.59
31/10/2019,1.51
01/11/2019,1.49
04/11/2019,1.5
05/11/2019,1.53
06/11/2019,1.53
07/11/2019,1.53
08/11/2019,1.52
11/11/2019,
12/11/2019,1.56
13/11/2019,1.54
14/11/2019,1.54
15/11/2019,1.54
18/11/2019,1.54
19/11/2019,1.54
20/11/2019,1.54
21/11/2019,1.55
22/11/2019,1.55
25/11/2019,1.58
26/11/2019,1.57
27/11/2019,1.59
29/11/2019,1.56
02/12/2019,1.57
03/12/2019,1.54
04/12/2019,1.52
05/12/2019,1.51
06/12/2019,1.5
09/12/2019,1.51
10/12/2019,1.53
11/12/2019,1.54
12/12/2019,1.53
13/12/2019,1.54
16/12/2019,1.54
17/12/2019,1.53
18/12/2019,1.53
19/12/2019,1.54
20/12/2019,1.55
23/12/2019,1.56
24/12/2019,1.55
26/12/2019,1.55
27/12/2019,1.54
30/12/2019,1.54
31/12/2019,1.52
02/01/2020,1.51
03/01/2020,1.49
06/01/2020,1.53
07/01/2020,1.51
08/01/2020,1.51
09/01/2020,1.51
10/01/2020,1.51
13/01/2020,1.54
14/01/2020,1.54
15/01/2020,1.54
16/01/2020,1.52
17/01/2020,1.53
21/01/2020,1.53
22/01/2020,1.52
23/01/2020,1.52
24/01/2020,1.51
27/01/2020,1.52
28/01/2020,1.54
29/01/2020,1.53
30/01/2020,1.54
31/01/2020,1.52
03/02/2020,1.54
04/02/2020,1.54
05/02/2020,1.54
06/02/2020,1.54
07/02/2020,1.53
10/02/2020,1.55
11/02/2020,1.54
12/02/2020,1.55
13/02/2020,1.56
14/02/2020,1.55
18/02/2020,1.55
19/02/2020,1.55
20/02/2020,1.55
21/02/2020,1.53
24/02/2020,1.5
25/02/2020,1.5
26/02/2020,1.5
27/02/2020,1.42
28/02/2020,1.25
02/03/2020,1.1
03/03/2020,0.93
04/03/2020,0.71
05/03/2020,0.61
06/03/2020,0.45
09/03/2020,0.32
10/03/2020,0.43
11/03/2020,0.41
12/03/2020,0.33
13/03/2020,0.27
16/03/2020,0.24
17/03/2020,0.19
18/03/2020,0.02
19/03/2020,0.04
20/03/2020,0.05
23/03/2020,0.02
24/03/2020,0.01
25/03/2020,-0.04
26/03/2020,-0.05
27/03/2020,0.03
30/03/2020,0.12
31/03/2020,0.11
01/04/2020,0.09
02/04/2020,0.09
03/04/2020,0.1
06/04/2020,0.15
07/04/2020,0.14
08/04/2020,0.22
09/04/2020,0.25
13/04/2020,0.26
14/04/2020,0.2
15/04/2020,0.14
16/04/2020,0.14
17/04/2020,0.12
20/04/2020,0.12
21/04/2020,0.11
22/04/2020,0.12
23/04/2020,0.11
24/04/2020,0.12
27/04/2020,0.12
28/04/2020,0.11
29/04/2020,0.1
30/04/2020,0.09
01/05/2020,0.12
04/05/2020,0.13
05/05/2020,0.13
06/05/2020,0.12
07/05/2020,0.11
08/05/2020,0.12
11/05/2020,0.12
12/05/2020,0.13
13/05/2020,0.13
14/05/2020,0.12
15/05/2020,0.12
18/05/2020,0.13
19/05/2020,0.13
20/05/2020,0.12
21/05/2020,0.12
22/05/2020,0.12
26/05/2020,0.14
27/05/2020,0.15
28/05/2020,0.15
29/05/2020,0.14
01/06/2020,0.14
02/06/2020,0.15
03/06/2020,0.16
04/06/2020,0.15
05/06/2020,0.15
08/06/2020,0.17
09/06/2020,0.19
10/06/2020,0.17
11/06/2020,0.17
12/06/2020,0.16
15/06/2020,0.18
16/06/2020,0.17
17/06/2020,0.17
18/06/2020,0.16
19/06/2020,0.15
22/06/2020,0.16
23/06/2020,0.16
24/06/2020,0.15
25/06/2020,0.16
26/06/2020,0.14
29/06/2020,0.14
30/06/2020,0.16
01/07/2020,0.14
02/07/2020,0.14
06/07/2020,0.15
07/07/2020,0.15
08/07/2020,0.15
09/07/2020,0.13
10/07/2020,0.13
13/07/2020,0.14
14/07/2020,0.15
15/07/2020,0.16
16/07/2020,0.11
17/07/2020,0.11
20/07/2020,0.13
21/07/2020,0.13
22/07/2020,0.13
23/07/2020,0.12
24/07/2020,0.11
27/07/2020,0.11
28/07/2020,0.11
29/07/2020,0.11
30/07/2020,0.09
31/07/2020,0.09
03/08/2020,0.1
04/08/2020,0.09
05/08/2020,0.1
06/08/2020,0.1
07/08/2020,0.1
10/08/2020,0.11
11/08/2020,0.11
12/08/2020,0.11
13/08/2020,0.1
14/08/2020,0.1
17/08/2020,0.1
18/08/2020,0.09
19/08/2020,0.11
20/08/2020,0.11
21/08/2020,0.1
24/08/2020,0.12
25/08/2020,0.11
26/08/2020,0.11
27/08/2020,0.11
28/08/2020,0.1
31/08/2020,0.11
01/09/2020,0.12
02/09/2020,0.12
03/09/2020,0.11
04/09/2020,0.11
08/09/2020,0.13
09/09/2020,0.12
10/09/2020,0.12
11/09/2020,0.11
14/09/2020,0.11
15/09/2020,0.11
16/09/2020,0.12
17/09/2020,0.09
18/09/2020,0.1
21/09/2020,0.1
22/09/2020,0.1
23/09/2020,0.11
24/09/2020,0.1
25/09/2020,0.1
28/09/2020,0.11
29/09/2020,0.09
30/09/2020,0.1
01/10/2020,0.09
02/10/2020,0.09
05/10/2020,0.1
06/10/2020,0.1
07/10/2020,0.1
08/10/2020,0.09
09/10/2020,0.1
12/10/2020,
13/10/2020,0.11
14/10/2020,0.12
15/10/2020,0.11
16/10/2020,0.11
19/10/2020,0.11
20/10/2020,0.1
21/10/2020,0.1
22/10/2020,0.09
23/10/2020,0.1
26/10/2020,0.11
27/10/2020,0.1
28/10/2020,0.1
29/10/2020,0.09
30/10/2020,0.09
02/11/2020,0.09
03/11/2020,0.1
04/11/2020,0.1
05/11/2020,0.1
06/11/2020,0.1
09/11/2020,0.11
10/11/2020,0.1
11/11/2020,
12/11/2020,0.1
13/11/2020,0.09
16/11/2020,0.09
17/11/2020,0.09
18/11/2020,0.09
19/11/2020,0.07
20/11/2020,0.07
23/11/2020,0.08
24/11/2020,0.09
25/11/2020,0.09
27/11/2020,0.09
30/11/2020,0.08
01/12/2020,0.09
02/12/2020,0.09
03/12/2020,0.08
04/12/2020,0.09
07/12/2020,0.08
08/12/2020,0.09
09/12/2020,0.08
10/12/2020,0.08
11/12/2020,0.08
14/12/2020,0.09
15/12/2020,0.08
16/12/2020,0.09
17/12/2020,0.08
18/12/2020,0.08
21/12/2020,0.09
22/12/2020,0.09
23/12/2020,0.09
24/12/2020,0.09
28/12/2020,0.11
29/12/2020,0.1
30/12/2020,0.08
31/12/2020,0.09
04/01/2021,0.09
05/01/2021,0.09
06/01/2021,0.09
07/01/2021,0.09
08/01/2021,0.08
11/01/2021,0.08
12/01/2021,0.09
13/01/2021,0.09
14/01/2021,0.09
15/01/2021,0.09
19/01/2021,0.09
20/01/2021,0.08
21/01/2021,0.09
22/01/2021,0.08
25/01/2021,0.09
26/01/2021,0.07
27/01/2021,0.08
28/01/2021,0.07
29/01/2021,0.06
01/02/2021,0.07
02/02/2021,0.07
03/02/2021,0.04
04/02/2021,0.04
05/02/2021,0.03
08/02/2021,0.05
09/02/2021,0.04
10/02/2021,0.05
11/02/2021,0.05
12/02/2021,0.04
16/02/2021,0.04
17/02/2021,0.04
18/02/2021,0.03
19/02/2021,0.04
22/02/2021,0.03
23/02/2021,0.04
24/02/2021,0.03
25/02/2021,0.04
26/02/2021,0.04
01/03/2021,0.05
02/03/2021,0.04
03/03/2021,0.05
04/03/2021,0.04
05/03/2021,0.04
08/03/2021,0.05
09/03/2021,0.05
10/03/2021,0.04
11/03/2021,0.04
12/03/2021,0.04
15/03/2021,0.04
16/03/2021,0.02
17/03/2021,0.02
18/03/2021,0.01
19/03/2021,0.01
22/03/2021,0.03
23/03/2021,0.01
24/03/2021,0.02
25/03/2021,0.02
26/03/2021,0.02
29/03/2021,0.03
30/03/2021,0.02
31/03/2021,0.03
01/04/2021,0.02
05/04/2021,0.03
06/04/2021,0.02
07/04/2021,0.02
08/04/2021,0.01
09/04/2021,0.02
12/04/2021,0.02
13/04/2021,0.03
14/04/2021,0.02
15/04/2021,0.02
16/04/2021,0.02
19/04/2021,0.02
20/04/2021,0.03
21/04/2021,0.03
22/04/2021,0.03
23/04/2021,0.03
26/04/2021,0.03
27/04/2021,0.01
28/04/2021,0.01
29/04/2021,0.01
30/04/2021,0.01
03/05/2021,0.04
04/05/2021,0.02
05/05/2021,0.02
06/05/2021,0.02
07/05/2021,0.02
10/05/2021,0.02
11/05/2021,0.01
12/05/2021,0.02
13/05/2021,0.02
14/05/2021,0.01
17/05/2021,0.02
18/05/2021,0.02
19/05/2021,0.01
20/05/2021,0.01
21/05/2021,0.01
24/05/2021,0.02
25/05/2021,0.02
26/05/2021,0.02
27/05/2021,0.02
28/05/2021,0.01
01/06/2021,0.02
02/06/2021,0.02
03/06/2021,0.02
04/06/2021,0.02
07/06/2021,0.02
08/06/2021,0.02
09/06/2021,0.03
10/06/2021,0.03
11/06/2021,0.03
14/06/2021,0.03
15/06/2021,0.03
16/06/2021,0.04
17/06/2021,0.04
18/06/2021,0.05
21/06/2021,0.05
22/06/2021,0.04
23/06/2021,0.05
24/06/2021,0.05
25/06/2021,0.06
28/06/2021,0.05
29/06/2021,0.04
30/06/2021,0.05
01/07/2021,0.05
02/07/2021,0.05
06/07/2021,0.05
07/07/2021,0.05
08/07/2021,0.06
09/07/2021,0.06
12/07/2021,0.05
13/07/2021,0.05
14/07/2021,0.06
15/07/2021,0.05
16/07/2021,0.05
19/07/2021,0.05
20/07/2021,0.05
21/07/2021,0.05
22/07/2021,0.05
23/07/2021,0.05
26/07/2021,0.05
27/07/2021,0.05
28/07/2021,0.05
29/07/2021,0.06
30/07/2021,0.06
02/08/2021,0.05
03/08/2021,0.05
04/08/2021,0.05
05/08/2021,0.05
06/08/2021,0.06
09/08/2021,0.06
10/08/2021,0.05
11/08/2021,0.05
12/08/2021,0.06
13/08/2021,0.06
16/08/2021,0.06
17/08/2021,0.07
18/08/2021,0.07
19/08/2021,0.06
20/08/2021,0.05
23/08/2021,0.05
24/08/2021,0.05
25/08/2021,0.06
26/08/2021,0.05
27/08/2021,0.05
30/08/2021,0.05
31/08/2021,0.04
01/09/2021,0.05
02/09/2021,0.05
03/09/2021,0.05
07/09/2021,0.05
08/09/2021,0.05
09/09/2021,0.04
10/09/2021,0.05
13/09/2021,0.06
14/09/2021,0.04
15/09/2021,0.04
16/09/2021,0.04
17/09/2021,0.04
20/09/2021,0.04
21/09/2021,0.03
22/09/2021,0.03
23/09/2021,0.03
24/09/2021,0.03
27/09/2021,0.04
28/09/2021,0.04
29/09/2021,0.04
30/09/2021,0.04
01/10/2021,0.04
04/10/2021,0.04
05/10/2021,0.04
06/10/2021,0.04
07/10/2021,0.05
08/10/2021,0.05
11/10/2021,
12/10/2021,0.06
13/10/2021,0.05
14/10/2021,0.05
15/10/2021,0.05
18/10/2021,0.06
19/10/2021,0.05
20/10/2021,0.05
21/10/2021,0.06
22/10/2021,0.06
25/10/2021,0.06
26/10/2021,0.06
27/10/2021,0.06
28/10/2021,0.06
29/10/2021,0.05
01/11/2021,0.05
02/11/2021,0.05
03/11/2021,0.05
04/11/2021,0.04
05/11/2021,0.05
08/11/2021,0.06
09/11/2021,0.04
10/11/2021,0.05
11/11/2021,
12/11/2021,0.05
15/11/2021,0.05
16/11/2021,0.05
17/11/2021,0.05
18/11/2021,0.05
19/11/2021,0.05
22/11/2021,0.05
23/11/2021,0.06
24/11/2021,0.06
26/11/2021,0.06
29/11/2021,0.06
30/11/2021,0.05
01/12/2021,0.06
02/12/2021,0.05
03/12/2021,0.06
06/12/2021,0.06
07/12/2021,0.06
08/12/2021,0.07
09/12/2021,0.06
10/12/2021,0.06
13/12/2021,0.05
14/12/2021,0.05
15/12/2021,0.06
16/12/2021,0.05
17/12/2021,0.05
20/12/2021,0.07
21/12/2021,0.07
22/12/2021,0.08
23/12/2021,0.08
27/12/2021,0.06
28/12/2021,0.06
29/12/2021,0.05
30/12/2021,0.05
31/12/2021,0.06
03/01/2022,0.09
04/01/2022,0.08
05/01/2022,0.09
06/01/2022,0.1
07/01/2022,0.1
10/01/2022,0.13
11/01/2022,0.12
12/01/2022,0.12
13/01/2022,0.12
14/01/2022,0.13
18/01/2022,0.17
19/01/2022,0.17
20/01/2022,0.18
21/01/2022,0.17
24/01/2022,0.2
25/01/2022,0.2
26/01/2022,0.19
27/01/2022,0.2
28/01/2022,0.19
31/01/2022,0.24
01/02/2022,0.2
02/02/2022,0.2
03/02/2022,0.21
04/02/2022,0.23
07/02/2022,0.28
08/02/2022,0.27
09/02/2022,0.27
10/02/2022,0.41
11/02/2022,0.37
14/02/2022,0.45
15/02/2022,0.41
16/02/2022,0.39
17/02/2022,0.37
18/02/2022,0.35
22/02/2022,0.39
23/02/2022,0.36
24/02/2022,0.33
25/02/2022,0.33
28/02/2022,0.37
01/03/2022,0.32
02/03/2022,0.33
03/03/2022,0.37
04/03/2022,0.33
07/03/2022,0.38
08/03/2022,0.36
09/03/2022,0.38
10/03/2022,0.38
11/03/2022,0.39
14/03/2022,0.45
15/03/2022,0.46
16/03/2022,0.43
17/03/2022,0.4
18/03/2022,0.41
21/03/2022,0.55
22/03/2022,0.51
23/03/2022,0.5
24/03/2022,0.5
25/03/2022,0.53
28/03/2022,0.6
29/03/2022,0.56
30/03/2022,0.55
31/03/2022,0.51
01/04/2022,0.52
04/04/2022,0.67
05/04/2022,0.65
06/04/2022,0.67
07/04/2022,0.68
08/04/2022,0.69
11/04/2022,0.78
12/04/2022,0.74
13/04/2022,0.75
14/04/2022,0.78
18/04/2022,0.82
19/04/2022,0.82
20/04/2022,0.82
21/04/2022,0.82
22/04/2022,0.82
25/04/2022,0.93
26/04/2022,0.84
27/04/2022,0.82
28/04/2022,0.81
29/04/2022,0.83
02/05/2022,0.9
03/05/2022,0.9
04/05/2022,0.88
05/05/2022,0.84
06/05/2022,0.84
09/05/2022,0.92
10/05/2022,0.89
11/05/2022,0.9
12/05/2022,0.95
13/05/2022,1.01
16/05/2022,1.07
17/05/2022,1.06
18/05/2022,1.02
19/05/2022,1.04
20/05/2022,1.01
23/05/2022,1.07
24/05/2022,1.05
25/05/2022,1.05
26/05/2022,1.06
27/05/2022,1.06
31/05/2022,1.13
01/06/2022,1.12
02/06/2022,1.13
03/06/2022,1.17
06/06/2022,1.23
07/06/2022,1.24
08/06/2022,1.25
09/06/2022,1.26
10/06/2022,1.34
13/06/2022,1.69
14/06/2022,1.78
15/06/2022,1.69
16/06/2022,1.54
17/06/2022,1.58
21/06/2022,1.66
22/06/2022,1.57
23/06/2022,1.59
24/06/2022,1.66
27/06/2022,1.75
28/06/2022,1.75
29/06/2022,1.73
30/06/2022,1.66
01/07/2022,1.66
05/07/2022,1.86
06/07/2022,1.85
07/07/2022,1.89
08/07/2022,1.91
11/07/2022,2.13
12/07/2022,2.16
13/07/2022,2.33
14/07/2022,2.33
15/07/2022,2.29
18/07/2022,2.44
19/07/2022,2.46
20/07/2022,2.44
21/07/2022,2.4
22/07/2022,2.41
25/07/2022,2.55
26/07/2022,2.48
27/07/2022,2.37
28/07/2022,2.35
29/07/2022,2.34
01/08/2022,2.48
02/08/2022,2.48
03/08/2022,2.44
04/08/2022,2.41
05/08/2022,2.48
08/08/2022,2.57
09/08/2022,2.58
10/08/2022,2.56
11/08/2022,2.52
12/08/2022,2.53
15/08/2022,2.63
16/08/2022,2.61
17/08/2022,2.59
18/08/2022,2.61
19/08/2022,2.64
22/08/2022,2.74
23/08/2022,2.71
24/08/2022,2.73
25/08/2022,2.78
26/08/2022,2.78
29/08/2022,2.89
30/08/2022,2.88
31/08/2022,2.87
01/09/2022,2.88
02/09/2022,2.85
06/09/2022,2.96
07/09/2022,2.98
08/09/2022,2.97
09/09/2022,2.98
12/09/2022,3.09
13/09/2022,3.19
14/09/2022,3.14
15/09/2022,3.12
16/09/2022,3.1
19/09/2022,3.29
20/09/2022,3.26
21/09/2022,3.21
22/09/2022,3.19
23/09/2022,3.12
26/09/2022,3.3
27/09/2022,3.26
28/09/2022,3.29
29/09/2022,3.26
30/09/2022,3.22
03/10/2022,3.34
04/10/2022,3.32
05/10/2022,3.33
06/10/2022,3.32
07/10/2022,3.31
10/10/2022,
11/10/2022,3.53
12/10/2022,3.56
13/10/2022,3.64
14/10/2022,3.65
17/10/2022,3.82
18/10/2022,3.89
19/10/2022,3.91
20/10/2022,3.91
21/10/2022,3.9
24/10/2022,4
25/10/2022,3.97
26/10/2022,3.94
27/10/2022,3.95
28/10/2022,3.99
31/10/2022,4.06
01/11/2022,4.06
02/11/2022,4.04
03/11/2022,4.06
04/11/2022,4.02
07/11/2022,4.12
08/11/2022,4.1
09/11/2022,4.11
10/11/2022,4.09
11/11/2022,
14/11/2022,4.16
15/11/2022,4.14
16/11/2022,4.14
17/11/2022,4.13
18/11/2022,4.15
21/11/2022,4.23
22/11/2022,4.21
23/11/2022,4.21
25/11/2022,4.22
28/11/2022,4.3
29/11/2022,4.27
30/11/2022,4.27
01/12/2022,4.22
02/12/2022,4.22
05/12/2022,4.27
06/12/2022,4.27
07/12/2022,4.2
08/12/2022,4.17
09/12/2022,4.19
12/12/2022,4.29
13/12/2022,4.26
14/12/2022,4.23
15/12/2022,4.22
16/12/2022,4.2
19/12/2022,4.28
20/12/2022,4.25
21/12/2022,4.22
22/12/2022,4.24
23/12/2022,4.23
27/12/2022,4.35
28/12/2022,4.35
29/12/2022,4.34
30/12/2022,4.3
03/01/2023,4.4
04/01/2023,4.41
05/01/2023,4.51
06/01/2023,4.51
09/01/2023,4.55
10/01/2023,4.57
11/01/2023,4.57
12/01/2023,4.5
13/01/2023,4.51
17/01/2023,4.56
18/01/2023,4.54
19/01/2023,4.55
20/01/2023,4.57
23/01/2023,4.58
24/01/2023,4.57
25/01/2023,4.56
26/01/2023,4.55
27/01/2023,4.57
30/01/2023,4.59
31/01/2023,4.58
01/02/2023,4.54
02/02/2023,4.53
03/02/2023,4.57
06/02/2023,4.59
07/02/2023,4.59
08/02/2023,4.59
09/02/2023,4.64
10/02/2023,4.66
13/02/2023,4.68
14/02/2023,4.67
15/02/2023,4.66
16/02/2023,4.7
17/02/2023,4.7
21/02/2023,4.72
22/02/2023,4.71
23/02/2023,4.71
24/02/2023,4.72
27/02/2023,4.74
28/02/2023,4.72
01/03/2023,4.73
02/03/2023,4.74
03/03/2023,4.74
06/03/2023,4.76
07/03/2023,4.87
08/03/2023,4.89
09/03/2023,4.87
10/03/2023,4.83
13/03/2023,4.7
14/03/2023,4.71
15/03/2023,4.59
16/03/2023,4.57
17/03/2023,4.36
20/03/2023,4.65
21/03/2023,4.62
22/03/2023,4.63
23/03/2023,4.57
24/03/2023,4.57
27/03/2023,4.75
28/03/2023,4.64
29/03/2023,4.64
30/03/2023,4.8
31/03/2023,4.68
03/04/2023,4.77
04/04/2023,4.74
05/04/2023,4.72
06/04/2023,4.77
10/04/2023,4.94
11/04/2023,4.89
12/04/2023,4.87
13/04/2023,4.95
14/04/2023,4.98
17/04/2023,5.06
18/04/2023,5.04
19/04/2023,5.01
20/04/2023,4.97
21/04/2023,4.98
24/04/2023,5.04
25/04/2023,4.97
26/04/2023,5
27/04/2023,5.03
28/04/2023,4.95
01/05/2023,5.1
02/05/2023,5.08
03/05/2023,5.09
04/05/2023,5.1
05/05/2023,5.1
08/05/2023,5.15
09/05/2023,5.13
10/05/2023,5.08
11/05/2023,5.04
12/05/2023,5.08
15/05/2023,5.06
16/05/2023,5.07
17/05/2023,5.1
18/05/2023,5.14
19/05/2023,5.12
22/05/2023,5.24
23/05/2023,5.18
24/05/2023,5.21
25/05/2023,5.21
26/05/2023,5.16
30/05/2023,5.28
31/05/2023,5.26
01/06/2023,5.24
02/06/2023,5.23
05/06/2023,5.2
06/06/2023,5.18
07/06/2023,5.16
08/06/2023,5.12
09/06/2023,5.11
12/06/2023,5.14
13/06/2023,5.11
14/06/2023,5.1
15/06/2023,5.07
16/06/2023,5.09
20/06/2023,5.14
21/06/2023,5.15
22/06/2023,5.15
23/06/2023,5.15
26/06/2023,5.24
27/06/2023,5.19
28/06/2023,5.18
29/06/2023,5.2
30/06/2023,5.17
03/07/2023,5.21
05/07/2023,5.21
06/07/2023,5.23
07/07/2023,5.22
10/07/2023,5.25
11/07/2023,5.25
12/07/2023,5.24
13/07/2023,5.24
14/07/2023,5.25
17/07/2023,5.26
18/07/2023,5.25
19/07/2023,5.26
20/07/2023,5.26
21/07/2023,5.27
24/07/2023,5.28
25/07/2023,5.28
26/07/2023,5.28
27/07/2023,5.28
28/07/2023,5.28
31/07/2023,5.28
01/08/2023,5.27
02/08/2023,5.27
03/08/2023,5.27
04/08/2023,5.28
07/08/2023,5.29
08/08/2023,5.3
09/08/2023,5.28
10/08/2023,5.28
11/08/2023,5.28
14/08/2023,5.29
15/08/2023,5.29
16/08/2023,5.29
17/08/2023,5.29
18/08/2023,5.28
21/08/2023,5.3
22/08/2023,5.3
23/08/2023,5.3
24/08/2023,5.31
25/08/2023,5.34
28/08/2023,5.34
29/08/2023,5.33
30/08/2023,5.32
31/08/2023,5.32
01/09/2023,5.3
05/09/2023,5.32
06/09/2023,5.31
07/09/2023,5.3
08/09/2023,5.31
11/09/2023,5.32
12/09/2023,5.32
13/09/2023,5.31
14/09/2023,5.31
15/09/2023,5.32
18/09/2023,5.31
19/09/2023,5.31
20/09/2023,5.33
21/09/2023,5.33
22/09/2023,5.32
25/09/2023,5.35
26/09/2023,5.34
27/09/2023,5.34
28/09/2023,5.32
29/09/2023,5.32
02/10/2023,5.35
03/10/2023,5.35
04/10/2023,5.34
05/10/2023,5.34
06/10/2023,5.36
09/10/2023,
10/10/2023,5.34
11/10/2023,5.34
12/10/2023,5.35
13/10/2023,5.35
16/10/2023,5.34
17/10/2023,5.35
18/10/2023,5.34
19/10/2023,5.33
20/10/2023,5.31
23/10/2023,5.32
24/10/2023,5.31
25/10/2023,5.32
26/10/2023,5.32
27/10/2023,5.32
30/10/2023,5.33
31/10/2023,5.33
01/11/2023,5.31
02/11/2023,5.28
03/11/2023,5.27
06/11/2023,5.29
07/11/2023,5.28
08/11/2023,5.28
09/11/2023,5.27
10/11/2023,5.26
13/11/2023,5.28
14/11/2023,5.26
15/11/2023,5.26
16/11/2023,5.25
17/11/2023,5.25
20/11/2023,5.27
21/11/2023,5.26
22/11/2023,5.27
24/11/2023,5.28
27/11/2023,5.28
28/11/2023,5.27
29/11/2023,5.25
30/11/2023,5.25
01/12/2023,5.23
04/12/2023,5.26
05/12/2023,5.25
06/12/2023,5.25
07/12/2023,5.24
08/12/2023,5.24
11/12/2023,5.26
12/12/2023,5.26
13/12/2023,5.24
14/12/2023,5.23
15/12/2023,5.24
18/12/2023,5.26
19/12/2023,5.23
20/12/2023,5.24
21/12/2023,5.22
22/12/2023,5.24
26/12/2023,5.25
27/12/2023,5.24
28/12/2023,5.25
29/12/2023,5.2
02/01/2024,5.22
03/01/2024,5.24
04/01/2024,5.24
05/01/2024,5.24
08/01/2024,5.25
09/01/2024,5.24
10/01/2024,5.23
11/01/2024,5.23
12/01/2024,5.22
16/01/2024,5.22
17/01/2024,5.24
18/01/2024,5.22
19/01/2024,5.22
22/01/2024,5.22
23/01/2024,5.21
24/01/2024,5.21
25/01/2024,5.21
26/01/2024,5.21
29/01/2024,5.22
30/01/2024,5.21
31/01/2024,5.22
01/02/2024,5.22
02/02/2024,5.23
05/02/2024,5.22
06/02/2024,5.23
07/02/2024,5.23
08/02/2024,5.23
09/02/2024,5.24
12/02/2024,5.23
13/02/2024,5.25
14/02/2024,5.23
15/02/2024,5.23
16/02/2024,5.24
20/02/2024,5.24
21/02/2024,5.24
22/02/2024,5.25
23/02/2024,5.26
26/02/2024,5.26
27/02/2024,5.25
28/02/2024,5.24
29/02/2024,5.25
01/03/2024,5.23
04/03/2024,5.24
05/03/2024,5.23
06/03/2024,5.24
07/03/2024,5.24
08/03/2024,5.24
11/03/2024,5.24
12/03/2024,5.25
13/03/2024,5.25
14/03/2024,5.25
15/03/2024,5.25
18/03/2024,5.25
19/03/2024,5.24
20/03/2024,5.24
21/03/2024,5.25
22/03/2024,5.24
25/03/2024,5.23
26/03/2024,5.22
27/03/2024,5.22
28/03/2024,5.23
01/04/2024,5.23
02/04/2024,5.22
03/04/2024,5.22
04/04/2024,5.21
05/04/2024,5.23
08/04/2024,5.23
09/04/2024,5.23
10/04/2024,5.25
11/04/2024,5.25
12/04/2024,5.25
15/04/2024,5.25
16/04/2024,5.25
17/04/2024,5.25
18/04/2024,5.25
19/04/2024,5.25
22/04/2024,5.22
23/04/2024,5.25
24/04/2024,5.26
25/04/2024,5.26
26/04/2024,5.25
29/04/2024,5.25
30/04/2024,5.25
01/05/2024,5.26
02/05/2024,5.25
03/05/2024,5.25
06/05/2024,5.25
07/05/2024,5.25
08/05/2024,5.25
09/05/2024,5.25
10/05/2024,5.26
13/05/2024,5.25
14/05/2024,5.24
15/05/2024,5.25
16/05/2024,5.25
17/05/2024,5.25
20/05/2024,5.25
21/05/2024,5.25
22/05/2024,5.25
23/05/2024,5.26
24/05/2024,5.26
28/05/2024,5.26
29/05/2024,5.26
30/05/2024,5.26
31/05/2024,5.25
03/06/2024,5.26
04/06/2024,5.25
05/06/2024,5.25
06/06/2024,5.25
07/06/2024,5.26
10/06/2024,5.25
11/06/2024,5.25
12/06/2024,5.25
13/06/2024,5.25
14/06/2024,5.25
17/06/2024,5.25
18/06/2024,5.24
20/06/2024,5.24
21/06/2024,5.23
24/06/2024,5.24
25/06/2024,5.23
26/06/2024,5.24
27/06/2024,5.23
28/06/2024,5.22
01/07/2024,5.24
02/07/2024,5.24
03/07/2024,5.24
05/07/2024,5.23
08/07/2024,5.23
09/07/2024,5.23
10/07/2024,5.23
11/07/2024,5.21
12/07/2024,5.21
15/07/2024,5.2
16/07/2024,5.2
17/07/2024,5.2
18/07/2024,5.21
19/07/2024,5.2
22/07/2024,5.19
23/07/2024,5.18
24/07/2024,5.18
25/07/2024,5.17
26/07/2024,5.16
29/07/2024,5.15
30/07/2024,5.14
31/07/2024,5.15
01/08/2024,5.12
02/08/2024,5.05
05/08/2024,5.09
06/08/2024,5.09
07/08/2024,5.09
08/08/2024,5.09
09/08/2024,5.09
12/08/2024,5.07
13/08/2024,5.06
14/08/2024,5.07
15/08/2024,5.09
16/08/2024,5.08
19/08/2024,5.06
20/08/2024,5.04
21/08/2024,5.02
22/08/2024,5.04
23/08/2024,5.01
26/08/2024,4.98
27/08/2024,4.98
28/08/2024,4.96
29/08/2024,4.98
30/08/2024,4.98
03/09/2024,4.97
04/09/2024,4.96
05/09/2024,4.94
06/09/2024,4.93
09/09/2024,4.89
10/09/2024,4.85
11/09/2024,4.89
12/09/2024,4.85
13/09/2024,4.78
16/09/2024,4.75
17/09/2024,4.75
18/09/2024,4.65
19/09/2024,4.61
20/09/2024,4.56
23/09/2024,4.53
24/09/2024,4.5
25/09/2024,4.51
26/09/2024,4.5
27/09/2024,4.5
30/09/2024,4.52
01/10/2024,4.5
02/10/2024,4.48
03/10/2024,4.48
04/10/2024,4.53
07/10/2024,4.55
08/10/2024,4.53
09/10/2024,4.54
10/10/2024,4.54
11/10/2024,4.53
14/10/2024,
15/10/2024,4.52
16/10/2024,4.51
17/10/2024,4.54
18/10/2024,4.53
21/10/2024,4.51
22/10/2024,4.51
23/10/2024,4.52
